{
  "name": "rs.carousel",
  "version": "1.0.2",
  "title": "jquery.rs.carousel",
  "author": {
    "name": "Richard Scarrott",
    "email": "riscarrott@googlemail.com",
    "url": "http://richardscarrott.co.uk"
  },
  "licenses": [
    {
      "type": "MIT",
      "url": "http://www.opensource.org/licenses/mit-license.php"
    },
    {
      "type": "GPL",
      "url": "http://www.gnu.org/licenses/gpl.html"
    }
  ],
  "dependencies": {
    "jquery": ">=1.8",
    "jquery.ui.widget": ">=1.8"
  },
  "description": "jQuery RS Carousel is a responsive and touch-enabled carousel written on top of jQuery and the jQuery UI Widget Factory providing a full and familiar API in less than 2.6kB minified and gzipped",
  "keywords": [
    "carousel",
    "touch",
    "drag",
    "slider",
    "slideshow",
    "cycle",
    "responsive",
    "ui",
    "widget",
    "rs"
  ],
  "homepage": "https://github.com/richardscarrott/jquery-ui-carousel",
  "docs": "http://richardscarrott.github.com/jquery-ui-carousel/",
  "demo": "http://www.richardscarrott.co.uk/assets/javascript/jquery/ui-carousel/demo/",
  "download": "https://github.com/richardscarrott/jquery-ui-carousel/archive/1.0.0.zip",
  "bugs": "https://github.com/richardscarrott/jquery-ui-carousel/issues"
}